model,dataset,prompt_type,config_n,config_k,overall_score,textual_groundedness,hallucination_free,concept_counting,comprehensibility,conciseness,specificity,discriminativeness,instruction_following,logical_coherence
google/gemini-2.5-flash,cifar10,axioms_ontology_v2,2,1,3.4444583333333334,2.5,3.75,3.6666666666666665,3.75,5.0,2.9166666666666665,3.5833333333333335,3.0,2.8333333333333335
google/gemini-2.5-flash,cifar10,axioms_ontology_v2,2,5,3.9444583333333334,3.1666666666666665,4.75,5.0,4.666666666666667,5.0,3.4166666666666665,3.75,3.0,2.75
google/gemini-2.5-flash,cifar10,axioms_ontology_v2,3,1,3.398141666666667,2.5833333333333335,3.1666666666666665,3.6666666666666665,4.083333333333333,5.0,3.5833333333333335,3.3333333333333335,2.8333333333333335,2.3333333333333335
google/gemini-2.5-flash,cifar10,axioms_ontology_v2,3,5,4.0202,2.8181818181818183,5.0,5.0,4.090909090909091,5.0,3.727272727272727,4.363636363636363,3.090909090909091,3.090909090909091
google/gemini-2.5-flash,cifar10,axioms_ontology_v2,4,1,4.0,3.3636363636363638,4.454545454545454,4.818181818181818,4.181818181818182,5.0,4.0,4.090909090909091,3.1818181818181817,2.909090909090909
google/gemini-2.5-flash,cifar10,axioms_ontology_v2,4,5,3.7129583333333334,2.9166666666666665,4.666666666666667,4.333333333333333,4.25,5.0,3.75,3.5833333333333335,2.6666666666666665,2.25
google/gemini-2.5-flash,cifar10,features,2,1,4.472233333333333,3.8333333333333335,4.5,4.666666666666667,5.0,5.0,3.4166666666666665,4.333333333333333,4.583333333333333,4.916666666666667
google/gemini-2.5-flash,cifar10,features,2,5,4.750016666666666,4.166666666666667,4.916666666666667,4.833333333333333,5.0,5.0,4.0,5.0,4.833333333333333,5.0
google/gemini-2.5-flash,cifar10,features,3,1,4.250008333333334,3.75,4.583333333333333,3.5,5.0,5.0,3.4166666666666665,3.25,4.916666666666667,4.833333333333333
google/gemini-2.5-flash,cifar10,features,3,5,4.685191666666666,4.166666666666667,4.833333333333333,4.833333333333333,5.0,5.0,4.083333333333333,4.75,4.5,5.0
google/gemini-2.5-flash,cifar10,features,4,1,4.39815,3.5,4.75,4.75,5.0,4.916666666666667,3.4166666666666665,3.5833333333333335,4.666666666666667,5.0
google/gemini-2.5-flash,cifar10,features,4,5,4.333358333333333,3.6666666666666665,4.25,4.25,5.0,4.916666666666667,3.6666666666666665,4.0,4.416666666666667,4.833333333333333
google/gemini-2.5-flash,cifar10,nle,2,1,4.574075,3.8333333333333335,4.833333333333333,5.0,5.0,5.0,3.75,3.8333333333333335,4.916666666666667,5.0
google/gemini-2.5-flash,cifar10,nle,2,5,4.712983333333333,4.083333333333333,4.666666666666667,5.0,5.0,4.916666666666667,4.0,5.0,4.833333333333333,4.916666666666667
google/gemini-2.5-flash,cifar10,nle,3,1,4.555558333333333,3.6666666666666665,4.666666666666667,4.666666666666667,5.0,4.916666666666667,3.8333333333333335,4.333333333333333,4.916666666666667,5.0
google/gemini-2.5-flash,cifar10,nle,3,5,4.638916666666667,4.0,4.916666666666667,4.833333333333333,5.0,4.833333333333333,4.0,4.333333333333333,4.833333333333333,5.0
google/gemini-2.5-flash,cifar10,nle,4,1,4.53705,3.9166666666666665,4.833333333333333,4.833333333333333,5.0,4.916666666666667,3.5833333333333335,3.75,5.0,5.0
google/gemini-2.5-flash,cifar10,nle,4,5,4.453708333333333,3.8333333333333335,4.5,5.0,5.0,4.75,3.75,3.75,4.5,5.0
google/gemini-2.5-flash,cifar10,rulebased,2,1,4.518516666666667,4.0,4.583333333333333,4.333333333333333,5.0,5.0,4.166666666666667,4.25,4.666666666666667,4.666666666666667
google/gemini-2.5-flash,cifar10,rulebased,2,5,4.7963,4.25,5.0,4.333333333333333,5.0,5.0,4.75,5.0,4.833333333333333,5.0
google/gemini-2.5-flash,cifar10,rulebased,3,1,4.388891666666667,3.5,4.833333333333333,4.166666666666667,5.0,5.0,4.333333333333333,3.4166666666666665,4.583333333333333,4.666666666666667
google/gemini-2.5-flash,cifar10,rulebased,3,5,4.686881818181818,4.181818181818182,4.7272727272727275,4.2727272727272725,5.0,5.0,4.636363636363637,4.7272727272727275,4.7272727272727275,4.909090909090909
google/gemini-2.5-flash,cifar10,rulebased,4,1,4.425933333333333,4.083333333333333,4.833333333333333,4.916666666666667,4.833333333333333,5.0,4.166666666666667,3.6666666666666665,4.083333333333333,4.25
google/gemini-2.5-flash,cifar10,rulebased,4,5,4.60185,4.25,4.5,4.666666666666667,5.0,4.916666666666667,4.5,4.083333333333333,4.75,4.75
google/gemini-2.5-flash,dtd,axioms_ontology_v2,2,1,3.1574166666666668,2.75,2.75,4.0,3.8333333333333335,4.583333333333333,3.3333333333333335,2.6666666666666665,2.25,2.25
google/gemini-2.5-flash,dtd,axioms_ontology_v2,2,5,4.018516666666667,3.75,4.5,4.666666666666667,4.25,4.916666666666667,4.166666666666667,4.416666666666667,3.25,2.25
google/gemini-2.5-flash,dtd,axioms_ontology_v2,3,1,3.4907333333333335,2.8333333333333335,3.0833333333333335,3.3333333333333335,4.083333333333333,5.0,3.5833333333333335,3.5,3.0833333333333335,2.9166666666666665
google/gemini-2.5-flash,dtd,axioms_ontology_v2,3,5,3.898141666666667,2.8333333333333335,5.0,4.0,4.416666666666667,4.833333333333333,4.0,4.416666666666667,3.0833333333333335,2.5
google/gemini-2.5-flash,dtd,axioms_ontology_v2,4,1,3.2777833333333333,2.5,3.5,3.0,4.166666666666667,4.75,3.1666666666666665,3.3333333333333335,2.5,2.5833333333333335
google/gemini-2.5-flash,dtd,axioms_ontology_v2,4,5,3.8703583333333333,2.75,4.75,4.666666666666667,4.25,5.0,3.75,3.6666666666666665,3.25,2.75
google/gemini-2.5-flash,dtd,features,2,1,4.481491666666666,4.083333333333333,4.333333333333333,5.0,5.0,5.0,3.75,3.8333333333333335,4.75,4.583333333333333
google/gemini-2.5-flash,dtd,features,2,5,4.648158333333334,3.9166666666666665,5.0,4.666666666666667,5.0,5.0,4.333333333333333,4.083333333333333,4.916666666666667,4.916666666666667
google/gemini-2.5-flash,dtd,features,3,1,4.583341666666667,3.8333333333333335,4.833333333333333,4.666666666666667,5.0,4.833333333333333,3.75,4.5,4.833333333333333,5.0
google/gemini-2.5-flash,dtd,features,3,5,4.53705,4.25,4.916666666666667,4.166666666666667,5.0,4.916666666666667,4.166666666666667,3.6666666666666665,4.75,5.0
google/gemini-2.5-flash,dtd,features,4,1,4.6389,4.25,4.916666666666667,4.666666666666667,4.833333333333333,5.0,4.0,4.333333333333333,4.75,5.0
google/gemini-2.5-flash,dtd,features,4,5,4.305541666666667,3.5,4.833333333333333,4.333333333333333,4.916666666666667,5.0,3.6666666666666665,3.25,4.416666666666667,4.833333333333333
google/gemini-2.5-flash,dtd,nle,2,1,4.35185,3.6666666666666665,4.0,4.666666666666667,4.916666666666667,4.833333333333333,3.8333333333333335,4.0,4.416666666666667,4.833333333333333
google/gemini-2.5-flash,dtd,nle,2,5,4.7037249999999995,4.083333333333333,4.666666666666667,4.666666666666667,5.0,5.0,4.416666666666667,4.833333333333333,4.666666666666667,5.0
google/gemini-2.5-flash,dtd,nle,3,1,4.675933333333333,4.0,4.666666666666667,5.0,5.0,4.833333333333333,4.25,4.583333333333333,4.75,5.0
google/gemini-2.5-flash,dtd,nle,3,5,4.611141666666667,3.4166666666666665,4.666666666666667,4.833333333333333,5.0,4.916666666666667,4.25,4.833333333333333,4.583333333333333,5.0
google/gemini-2.5-flash,dtd,nle,4,1,4.4352,3.9166666666666665,4.25,4.666666666666667,4.916666666666667,4.666666666666667,4.083333333333333,4.25,4.666666666666667,4.5
google/gemini-2.5-flash,dtd,nle,4,5,4.305558333333333,3.5833333333333335,4.166666666666667,4.333333333333333,5.0,4.833333333333333,3.6666666666666665,4.0,4.416666666666667,4.75
google/gemini-2.5-flash,dtd,rulebased,2,1,4.361108333333333,4.416666666666667,4.416666666666667,4.333333333333333,4.666666666666667,4.75,4.416666666666667,3.9166666666666665,4.166666666666667,4.166666666666667
google/gemini-2.5-flash,dtd,rulebased,2,5,4.6852,4.25,4.833333333333333,3.5833333333333335,5.0,5.0,4.75,4.916666666666667,4.833333333333333,5.0
google/gemini-2.5-flash,dtd,rulebased,3,1,4.64815,4.416666666666667,4.833333333333333,3.8333333333333335,5.0,5.0,4.833333333333333,4.583333333333333,4.666666666666667,4.666666666666667
google/gemini-2.5-flash,dtd,rulebased,3,5,4.83335,4.416666666666667,5.0,4.666666666666667,5.0,5.0,4.75,5.0,4.75,4.916666666666667
google/gemini-2.5-flash,dtd,rulebased,4,1,4.4352,4.5,5.0,4.583333333333333,4.916666666666667,4.833333333333333,4.833333333333333,3.1666666666666665,4.083333333333333,4.0
google/gemini-2.5-flash,dtd,rulebased,4,5,4.768533333333333,4.416666666666667,4.75,5.0,5.0,5.0,4.5,4.5,4.916666666666667,4.833333333333333
google/gemini-2.5-flash,flowers,axioms_ontology_v2,2,1,3.9999916666666664,3.75,4.416666666666667,4.0,4.083333333333333,4.916666666666667,4.583333333333333,4.666666666666667,3.0,2.5833333333333335
google/gemini-2.5-flash,flowers,axioms_ontology_v2,2,5,4.148158333333334,3.4166666666666665,5.0,4.666666666666667,4.166666666666667,5.0,4.166666666666667,4.5,3.3333333333333335,3.0833333333333335
google/gemini-2.5-flash,flowers,axioms_ontology_v2,3,1,3.9722166666666667,3.25,4.666666666666667,4.0,3.9166666666666665,4.833333333333333,4.333333333333333,4.083333333333333,3.0833333333333335,3.5833333333333335
google/gemini-2.5-flash,flowers,axioms_ontology_v2,3,5,4.157408333333334,3.6666666666666665,4.666666666666667,4.666666666666667,4.416666666666667,4.916666666666667,4.5,4.666666666666667,3.25,2.6666666666666665
google/gemini-2.5-flash,flowers,axioms_ontology_v2,4,1,4.083333333333333,3.5,4.416666666666667,4.666666666666667,4.333333333333333,4.916666666666667,4.333333333333333,4.333333333333333,3.25,3.0
google/gemini-2.5-flash,flowers,axioms_ontology_v2,4,5,4.259266666666667,3.6666666666666665,4.75,4.666666666666667,4.083333333333333,5.0,4.5,4.5,3.5,3.6666666666666665
google/gemini-2.5-flash,flowers,features,2,1,4.629641666666667,3.9166666666666665,4.833333333333333,4.0,5.0,5.0,4.583333333333333,4.5,4.916666666666667,4.916666666666667
google/gemini-2.5-flash,flowers,features,2,5,4.388891666666667,3.4166666666666665,4.416666666666667,4.583333333333333,4.666666666666667,4.833333333333333,4.25,4.583333333333333,4.0,4.75
google/gemini-2.5-flash,flowers,features,3,1,4.527775,3.8333333333333335,5.0,4.416666666666667,5.0,5.0,4.25,3.5,4.75,5.0
google/gemini-2.5-flash,flowers,features,3,5,4.537041666666666,4.333333333333333,4.5,4.666666666666667,5.0,5.0,4.583333333333333,3.3333333333333335,4.5,4.916666666666667
google/gemini-2.5-flash,flowers,features,4,1,4.638883333333333,4.416666666666667,4.833333333333333,4.166666666666667,5.0,4.916666666666667,4.333333333333333,4.583333333333333,4.5,5.0
google/gemini-2.5-flash,flowers,features,4,5,4.78705,4.166666666666667,5.0,5.0,5.0,5.0,4.583333333333333,4.833333333333333,4.5,5.0
google/gemini-2.5-flash,flowers,nle,2,1,4.240733333333334,3.3333333333333335,4.166666666666667,3.6666666666666665,5.0,5.0,3.6666666666666665,3.8333333333333335,4.583333333333333,4.916666666666667
google/gemini-2.5-flash,flowers,nle,2,5,4.712983333333333,3.6666666666666665,4.75,5.0,5.0,5.0,4.25,5.0,4.75,5.0
google/gemini-2.5-flash,flowers,nle,3,1,4.148141666666667,3.4166666666666665,3.8333333333333335,4.333333333333333,5.0,4.833333333333333,3.5833333333333335,3.0833333333333335,4.25,5.0
google/gemini-2.5-flash,flowers,nle,3,5,4.249991666666666,3.5833333333333335,3.6666666666666665,4.666666666666667,5.0,4.75,3.9166666666666665,3.8333333333333335,3.8333333333333335,5.0
google/gemini-2.5-flash,flowers,nle,4,1,4.69445,4.25,4.666666666666667,4.75,5.0,5.0,4.416666666666667,4.25,4.916666666666667,5.0
google/gemini-2.5-flash,flowers,nle,4,5,4.481491666666667,3.6666666666666665,4.583333333333333,4.666666666666667,5.0,4.75,4.25,3.8333333333333335,4.583333333333333,5.0
google/gemini-2.5-flash,flowers,rulebased,2,1,4.731491666666667,4.333333333333333,4.833333333333333,4.25,5.0,5.0,4.583333333333333,4.583333333333333,5.0,5.0
google/gemini-2.5-flash,flowers,rulebased,2,5,4.777775,4.333333333333333,4.833333333333333,4.25,5.0,5.0,4.833333333333333,4.75,5.0,5.0
google/gemini-2.5-flash,flowers,rulebased,3,1,4.555575,4.083333333333333,4.666666666666667,4.25,4.916666666666667,4.916666666666667,4.666666666666667,4.083333333333333,4.75,4.666666666666667
google/gemini-2.5-flash,flowers,rulebased,3,5,4.824083333333333,4.5,4.833333333333333,4.666666666666667,5.0,5.0,4.833333333333333,4.75,4.833333333333333,5.0
google/gemini-2.5-flash,flowers,rulebased,4,1,4.8055666666666665,4.416666666666667,4.916666666666667,4.333333333333333,5.0,5.0,4.833333333333333,4.916666666666667,5.0,4.833333333333333
google/gemini-2.5-flash,flowers,rulebased,4,5,4.94445,4.916666666666667,5.0,4.75,5.0,5.0,4.916666666666667,4.916666666666667,5.0,5.0
google/gemini-2.5-flash,pets,axioms_ontology_v2,2,1,3.9352,2.6666666666666665,4.833333333333333,4.666666666666667,4.25,5.0,3.5,4.5,3.1666666666666665,2.8333333333333335
google/gemini-2.5-flash,pets,axioms_ontology_v2,2,5,4.398141666666667,3.8333333333333335,4.833333333333333,5.0,4.333333333333333,5.0,4.583333333333333,4.75,3.8333333333333335,3.4166666666666665
google/gemini-2.5-flash,pets,axioms_ontology_v2,3,1,4.1110999999999995,3.3636363636363638,4.454545454545454,5.0,4.363636363636363,5.0,4.363636363636363,4.0,3.5454545454545454,2.909090909090909
google/gemini-2.5-flash,pets,axioms_ontology_v2,3,5,4.3610999999999995,3.6666666666666665,4.75,5.0,4.583333333333333,5.0,4.583333333333333,4.666666666666667,3.5833333333333335,3.4166666666666665
google/gemini-2.5-flash,pets,axioms_ontology_v2,4,1,3.7407416666666666,3.0,4.416666666666667,4.333333333333333,4.083333333333333,5.0,4.083333333333333,3.0833333333333335,2.9166666666666665,2.75
google/gemini-2.5-flash,pets,axioms_ontology_v2,4,5,4.083341666666667,3.25,4.583333333333333,4.666666666666667,4.166666666666667,5.0,4.5,3.9166666666666665,3.3333333333333335,3.3333333333333335
google/gemini-2.5-flash,pets,features,2,1,4.4537,3.3333333333333335,4.916666666666667,5.0,4.916666666666667,4.833333333333333,3.4166666666666665,3.9166666666666665,4.916666666666667,4.833333333333333
google/gemini-2.5-flash,pets,features,2,5,4.740758333333333,4.0,4.666666666666667,5.0,5.0,5.0,4.5,4.583333333333333,4.916666666666667,5.0
google/gemini-2.5-flash,pets,features,3,1,4.759275,4.083333333333333,5.0,5.0,5.0,5.0,4.333333333333333,4.416666666666667,5.0,5.0
google/gemini-2.5-flash,pets,features,3,5,4.750008333333334,3.9166666666666665,4.916666666666667,5.0,5.0,5.0,4.25,4.75,4.916666666666667,5.0
google/gemini-2.5-flash,pets,features,4,1,4.712958333333333,4.166666666666667,4.833333333333333,5.0,5.0,5.0,4.666666666666667,3.75,5.0,5.0
google/gemini-2.5-flash,pets,features,4,5,4.722233333333333,4.0,4.833333333333333,5.0,5.0,5.0,4.416666666666667,4.25,5.0,5.0
google/gemini-2.5-flash,pets,nle,2,1,4.5926,3.5833333333333335,4.416666666666667,5.0,5.0,5.0,4.0,4.583333333333333,4.75,5.0
google/gemini-2.5-flash,pets,nle,2,5,4.666683333333333,3.8333333333333335,4.5,4.833333333333333,5.0,4.916666666666667,4.416666666666667,4.666666666666667,4.833333333333333,5.0
google/gemini-2.5-flash,pets,nle,3,1,4.564825,3.5,4.5,5.0,5.0,5.0,4.166666666666667,4.166666666666667,4.75,5.0
google/gemini-2.5-flash,pets,nle,3,5,4.62965,3.9166666666666665,4.416666666666667,5.0,5.0,5.0,4.166666666666667,4.5,4.666666666666667,5.0
google/gemini-2.5-flash,pets,nle,4,1,4.6203916666666665,4.0,4.5,5.0,5.0,5.0,4.583333333333333,3.5833333333333335,4.916666666666667,5.0
google/gemini-2.5-flash,pets,nle,4,5,4.4537,3.5,4.833333333333333,5.0,5.0,5.0,3.75,3.3333333333333335,4.666666666666667,5.0
google/gemini-2.5-flash,pets,rulebased,2,1,4.6296333333333335,3.9166666666666665,4.75,5.0,5.0,5.0,4.416666666666667,4.333333333333333,4.666666666666667,4.583333333333333
google/gemini-2.5-flash,pets,rulebased,2,5,4.78705,4.25,5.0,4.333333333333333,5.0,5.0,4.583333333333333,4.916666666666667,5.0,5.0
google/gemini-2.5-flash,pets,rulebased,3,1,4.638891666666667,3.9166666666666665,4.833333333333333,4.666666666666667,5.0,5.0,4.5,4.5,4.416666666666667,4.916666666666667
google/gemini-2.5-flash,pets,rulebased,3,5,4.861125,4.416666666666667,4.833333333333333,5.0,5.0,5.0,4.666666666666667,4.916666666666667,4.916666666666667,5.0
google/gemini-2.5-flash,pets,rulebased,4,1,4.546316666666667,3.9166666666666665,4.916666666666667,5.0,5.0,5.0,4.416666666666667,3.5833333333333335,4.5,4.583333333333333
google/gemini-2.5-flash,pets,rulebased,4,5,4.69445,4.166666666666667,5.0,5.0,5.0,5.0,4.75,3.8333333333333335,4.583333333333333,4.916666666666667
google/gemma-4-26b-a4b-it,cifar10,axioms_ontology_v2,2,1,3.972225,3.0,5.0,4.833333333333333,4.166666666666667,5.0,3.3333333333333335,4.083333333333333,3.1666666666666665,3.1666666666666665
google/gemma-4-26b-a4b-it,cifar10,axioms_ontology_v2,2,5,3.8333250000000003,2.8333333333333335,5.0,4.0,4.666666666666667,5.0,3.3333333333333335,4.75,2.8333333333333335,2.0833333333333335
google/gemma-4-26b-a4b-it,cifar10,axioms_ontology_v2,3,1,3.5925999999999996,3.0,4.5,4.333333333333333,4.0,4.333333333333333,3.3333333333333335,3.5833333333333335,2.5833333333333335,2.6666666666666665
google/gemma-4-26b-a4b-it,cifar10,axioms_ontology_v2,3,5,3.583325,2.4166666666666665,4.75,4.0,4.083333333333333,5.0,2.9166666666666665,3.3333333333333335,2.9166666666666665,2.8333333333333335
google/gemma-4-26b-a4b-it,cifar10,axioms_ontology_v2,4,1,3.675925,2.5,4.416666666666667,4.333333333333333,4.166666666666667,4.833333333333333,3.25,3.4166666666666665,3.1666666666666665,3.0
google/gemma-4-26b-a4b-it,cifar10,axioms_ontology_v2,4,5,3.453708333333333,1.9166666666666667,4.916666666666667,3.0,4.0,5.0,3.0,3.75,2.8333333333333335,2.6666666666666665
google/gemma-4-26b-a4b-it,cifar10,features,2,1,4.564825,3.75,4.916666666666667,4.666666666666667,5.0,5.0,3.5,4.333333333333333,4.916666666666667,5.0
google/gemma-4-26b-a4b-it,cifar10,features,2,5,4.7222333333333335,4.083333333333333,4.916666666666667,5.0,5.0,4.916666666666667,3.9166666666666665,4.75,4.916666666666667,5.0
google/gemma-4-26b-a4b-it,cifar10,features,3,1,4.407408333333334,3.0,4.666666666666667,4.5,5.0,5.0,3.5,4.0,5.0,5.0
google/gemma-4-26b-a4b-it,cifar10,features,3,5,4.564825,3.75,4.666666666666667,4.916666666666667,5.0,5.0,3.8333333333333335,4.166666666666667,4.916666666666667,4.833333333333333
google/gemma-4-26b-a4b-it,cifar10,features,4,1,4.2870333333333335,3.1666666666666665,4.666666666666667,4.916666666666667,5.0,5.0,3.1666666666666665,3.0,4.916666666666667,4.75
google/gemma-4-26b-a4b-it,cifar10,features,4,5,4.601858333333333,3.8333333333333335,4.916666666666667,5.0,5.0,5.0,4.0,3.8333333333333335,4.833333333333333,5.0
google/gemma-4-26b-a4b-it,cifar10,nle,2,1,4.28705,3.5,4.416666666666667,4.833333333333333,5.0,5.0,2.8333333333333335,3.4166666666666665,4.833333333333333,4.75
google/gemma-4-26b-a4b-it,cifar10,nle,2,5,4.525263636363636,3.727272727272727,5.0,4.636363636363637,5.0,5.0,3.090909090909091,4.454545454545454,4.818181818181818,5.0
google/gemma-4-26b-a4b-it,cifar10,nle,3,1,4.111108333333333,3.3333333333333335,3.75,4.5,4.916666666666667,4.833333333333333,2.9166666666666665,3.6666666666666665,4.75,4.333333333333333
google/gemma-4-26b-a4b-it,cifar10,nle,3,5,4.379641666666667,3.1666666666666665,4.916666666666667,4.75,5.0,5.0,3.0,3.6666666666666665,4.916666666666667,5.0
google/gemma-4-26b-a4b-it,cifar10,nle,4,1,4.120383333333334,3.3333333333333335,4.25,4.333333333333333,4.833333333333333,4.583333333333333,3.0,3.5833333333333335,4.666666666666667,4.5
google/gemma-4-26b-a4b-it,cifar10,nle,4,5,4.3889000000000005,3.0,4.75,4.666666666666667,5.0,5.0,3.25,3.8333333333333335,5.0,5.0
google/gemma-4-26b-a4b-it,cifar10,rulebased,2,1,4.4815,3.6666666666666665,4.5,4.166666666666667,4.916666666666667,5.0,3.9166666666666665,4.333333333333333,4.916666666666667,4.916666666666667
google/gemma-4-26b-a4b-it,cifar10,rulebased,2,5,4.675941666666667,4.0,5.0,4.666666666666667,5.0,5.0,4.166666666666667,4.333333333333333,4.916666666666667,5.0
google/gemma-4-26b-a4b-it,cifar10,rulebased,3,1,4.500008333333333,3.9166666666666665,5.0,5.0,4.916666666666667,4.833333333333333,4.0,4.0,4.333333333333333,4.5
google/gemma-4-26b-a4b-it,cifar10,rulebased,3,5,4.4074,3.6666666666666665,4.75,5.0,5.0,5.0,3.6666666666666665,3.3333333333333335,4.583333333333333,4.666666666666667
google/gemma-4-26b-a4b-it,cifar10,rulebased,4,1,4.333333333333333,3.5833333333333335,4.833333333333333,4.833333333333333,4.916666666666667,4.916666666666667,4.0,3.25,4.25,4.416666666666667
google/gemma-4-26b-a4b-it,cifar10,rulebased,4,5,4.398141666666667,3.75,4.916666666666667,4.666666666666667,5.0,5.0,3.8333333333333335,3.3333333333333335,4.416666666666667,4.666666666666667
google/gemma-4-26b-a4b-it,dtd,axioms_ontology_v2,2,1,3.44445,3.5833333333333335,3.75,5.0,3.6666666666666665,3.8333333333333335,3.8333333333333335,2.3333333333333335,2.3333333333333335,2.6666666666666665
google/gemma-4-26b-a4b-it,dtd,axioms_ontology_v2,2,5,4.2129666666666665,3.4166666666666665,4.583333333333333,4.666666666666667,4.5,4.916666666666667,4.25,4.5,3.5833333333333335,3.5
google/gemma-4-26b-a4b-it,dtd,axioms_ontology_v2,3,1,4.018516666666667,3.5833333333333335,4.166666666666667,4.333333333333333,4.416666666666667,5.0,4.166666666666667,3.9166666666666665,3.0833333333333335,3.5
google/gemma-4-26b-a4b-it,dtd,axioms_ontology_v2,3,5,3.9444583333333334,2.6666666666666665,4.5,4.416666666666667,4.416666666666667,5.0,3.5833333333333335,3.75,3.5833333333333335,3.5833333333333335
google/gemma-4-26b-a4b-it,dtd,axioms_ontology_v2,4,1,3.9351916666666664,4.166666666666667,4.25,4.666666666666667,4.0,4.083333333333333,4.25,3.9166666666666665,2.8333333333333335,3.25
google/gemma-4-26b-a4b-it,dtd,axioms_ontology_v2,4,5,3.9629666666666665,2.9166666666666665,4.666666666666667,4.0,4.416666666666667,5.0,3.75,3.8333333333333335,3.25,3.8333333333333335
google/gemma-4-26b-a4b-it,dtd,features,2,1,4.583324999999999,4.25,4.75,5.0,5.0,4.916666666666667,4.083333333333333,3.4166666666666665,4.916666666666667,4.916666666666667
google/gemma-4-26b-a4b-it,dtd,features,2,5,4.44445,3.5833333333333335,4.75,4.5,5.0,5.0,3.6666666666666665,3.6666666666666665,5.0,4.833333333333333
google/gemma-4-26b-a4b-it,dtd,features,3,1,4.629641666666667,3.8333333333333335,5.0,5.0,5.0,5.0,4.083333333333333,3.9166666666666665,4.833333333333333,5.0
google/gemma-4-26b-a4b-it,dtd,features,3,5,4.481483333333333,3.4166666666666665,4.916666666666667,4.666666666666667,5.0,5.0,4.0,3.4166666666666665,5.0,4.916666666666667
google/gemma-4-26b-a4b-it,dtd,features,4,1,4.666666666666667,4.083333333333333,4.916666666666667,5.0,5.0,5.0,4.25,3.8333333333333335,5.0,4.916666666666667
google/gemma-4-26b-a4b-it,dtd,features,4,5,4.518516666666667,3.5833333333333335,5.0,5.0,5.0,5.0,4.0,3.25,5.0,4.833333333333333
google/gemma-4-26b-a4b-it,dtd,nle,2,1,4.175933333333333,4.0,3.75,5.0,4.416666666666667,3.6666666666666665,4.083333333333333,4.166666666666667,4.25,4.25
google/gemma-4-26b-a4b-it,dtd,nle,2,5,4.592608333333334,3.6666666666666665,4.833333333333333,4.833333333333333,5.0,5.0,3.8333333333333335,4.25,4.916666666666667,5.0
google/gemma-4-26b-a4b-it,dtd,nle,3,1,4.231491666666667,3.5833333333333335,4.333333333333333,3.6666666666666665,4.833333333333333,4.833333333333333,3.4166666666666665,4.166666666666667,4.583333333333333,4.666666666666667
google/gemma-4-26b-a4b-it,dtd,nle,3,5,4.509266666666666,3.6666666666666665,4.916666666666667,4.5,4.833333333333333,4.75,4.0,4.083333333333333,5.0,4.833333333333333
google/gemma-4-26b-a4b-it,dtd,nle,4,1,4.259266666666667,3.8333333333333335,4.416666666666667,4.666666666666667,4.666666666666667,4.166666666666667,4.0,3.75,4.5,4.333333333333333
google/gemma-4-26b-a4b-it,dtd,nle,4,5,4.287041666666666,3.5,4.25,4.0,4.916666666666667,4.666666666666667,4.0,3.8333333333333335,4.583333333333333,4.833333333333333
google/gemma-4-26b-a4b-it,dtd,rulebased,2,1,3.9444416666666666,4.166666666666667,4.666666666666667,4.666666666666667,4.083333333333333,3.75,4.416666666666667,2.9166666666666665,3.4166666666666665,3.4166666666666665
google/gemma-4-26b-a4b-it,dtd,rulebased,2,5,4.666675,4.25,4.916666666666667,4.5,5.0,5.0,4.333333333333333,4.583333333333333,4.583333333333333,4.833333333333333
google/gemma-4-26b-a4b-it,dtd,rulebased,3,1,4.259275,4.166666666666667,4.75,4.333333333333333,4.5,4.25,4.333333333333333,4.0,3.9166666666666665,4.083333333333333
google/gemma-4-26b-a4b-it,dtd,rulebased,3,5,4.472225,3.75,4.916666666666667,3.8333333333333335,5.0,4.916666666666667,4.25,4.25,4.583333333333333,4.75
google/gemma-4-26b-a4b-it,dtd,rulebased,4,1,4.166666666666667,4.166666666666667,4.833333333333333,4.333333333333333,4.416666666666667,4.25,4.416666666666667,3.6666666666666665,3.6666666666666665,3.75
google/gemma-4-26b-a4b-it,dtd,rulebased,4,5,4.574075,3.9166666666666665,5.0,4.583333333333333,5.0,4.916666666666667,4.25,4.0,4.75,4.75
google/gemma-4-26b-a4b-it,flowers,axioms_ontology_v2,2,1,4.222216666666667,3.5833333333333335,4.416666666666667,5.0,4.5,4.916666666666667,4.333333333333333,4.75,3.4166666666666665,3.0833333333333335
google/gemma-4-26b-a4b-it,flowers,axioms_ontology_v2,2,5,4.313118181818182,2.909090909090909,5.0,4.454545454545454,4.454545454545454,5.0,3.909090909090909,5.0,3.909090909090909,4.181818181818182
google/gemma-4-26b-a4b-it,flowers,axioms_ontology_v2,3,1,4.272736363636364,3.3636363636363638,4.818181818181818,5.0,4.454545454545454,5.0,4.363636363636363,4.454545454545454,3.3636363636363638,3.6363636363636362
google/gemma-4-26b-a4b-it,flowers,axioms_ontology_v2,3,5,4.509266666666666,3.4166666666666665,5.0,5.0,4.75,5.0,4.666666666666667,4.416666666666667,4.0,4.333333333333333
google/gemma-4-26b-a4b-it,flowers,axioms_ontology_v2,4,1,4.2037,3.0,5.0,5.0,4.25,5.0,4.25,4.583333333333333,3.25,3.5
google/gemma-4-26b-a4b-it,flowers,axioms_ontology_v2,4,5,4.222241666666666,2.9166666666666665,5.0,5.0,4.333333333333333,5.0,4.5,4.333333333333333,3.5833333333333335,3.3333333333333335
google/gemma-4-26b-a4b-it,flowers,features,2,1,4.49075,3.5833333333333335,5.0,4.666666666666667,5.0,4.916666666666667,3.75,3.6666666666666665,4.833333333333333,5.0
google/gemma-4-26b-a4b-it,flowers,features,2,5,4.694458333333333,4.166666666666667,4.916666666666667,4.666666666666667,5.0,5.0,4.416666666666667,4.083333333333333,5.0,5.0
google/gemma-4-26b-a4b-it,flowers,features,3,1,4.361108333333333,3.5833333333333335,5.0,4.833333333333333,5.0,4.916666666666667,3.3333333333333335,2.5833333333333335,5.0,5.0
google/gemma-4-26b-a4b-it,flowers,features,3,5,4.5370333333333335,3.9166666666666665,4.916666666666667,5.0,5.0,5.0,4.166666666666667,2.9166666666666665,5.0,4.916666666666667
google/gemma-4-26b-a4b-it,flowers,features,4,1,4.648166666666667,3.9166666666666665,4.833333333333333,4.666666666666667,5.0,5.0,4.166666666666667,4.333333333333333,4.916666666666667,5.0
google/gemma-4-26b-a4b-it,flowers,features,4,5,4.83335,4.416666666666667,5.0,5.0,5.0,5.0,4.666666666666667,4.5,4.916666666666667,5.0
google/gemma-4-26b-a4b-it,flowers,nle,2,1,4.30555,3.3333333333333335,4.5,4.666666666666667,5.0,5.0,3.5,3.0833333333333335,4.75,4.916666666666667
google/gemma-4-26b-a4b-it,flowers,nle,2,5,4.731508333333333,3.8333333333333335,4.833333333333333,5.0,5.0,5.0,4.333333333333333,4.666666666666667,4.916666666666667,5.0
google/gemma-4-26b-a4b-it,flowers,nle,3,1,3.990733333333333,3.0,4.583333333333333,3.4166666666666665,4.916666666666667,4.916666666666667,3.25,2.4166666666666665,4.666666666666667,4.75
google/gemma-4-26b-a4b-it,flowers,nle,3,5,4.583333333333333,3.5833333333333335,5.0,5.0,5.0,5.0,4.333333333333333,3.4166666666666665,4.916666666666667,5.0
google/gemma-4-26b-a4b-it,flowers,nle,4,1,4.361125,3.5,4.666666666666667,4.333333333333333,4.916666666666667,4.75,3.75,3.6666666666666665,4.833333333333333,4.833333333333333
google/gemma-4-26b-a4b-it,flowers,nle,4,5,4.814825,4.416666666666667,4.916666666666667,5.0,5.0,5.0,4.666666666666667,4.333333333333333,5.0,5.0
google/gemma-4-26b-a4b-it,flowers,rulebased,2,1,4.69445,4.083333333333333,4.916666666666667,4.666666666666667,5.0,5.0,4.583333333333333,4.416666666666667,4.75,4.833333333333333
google/gemma-4-26b-a4b-it,flowers,rulebased,2,5,4.69445,4.0,5.0,4.333333333333333,5.0,5.0,4.583333333333333,4.666666666666667,4.75,4.916666666666667
google/gemma-4-26b-a4b-it,flowers,rulebased,3,1,4.462975,3.6666666666666665,4.916666666666667,4.166666666666667,5.0,5.0,4.25,3.8333333333333335,4.583333333333333,4.75
google/gemma-4-26b-a4b-it,flowers,rulebased,3,5,4.703708333333333,4.083333333333333,4.666666666666667,5.0,5.0,5.0,4.666666666666667,4.416666666666667,4.5,5.0
google/gemma-4-26b-a4b-it,flowers,rulebased,4,1,4.768533333333333,4.416666666666667,4.916666666666667,4.333333333333333,5.0,5.0,4.583333333333333,4.75,4.916666666666667,5.0
google/gemma-4-26b-a4b-it,flowers,rulebased,4,5,4.740749999999999,4.083333333333333,5.0,5.0,5.0,5.0,4.416666666666667,4.416666666666667,4.916666666666667,4.833333333333333
google/gemma-4-26b-a4b-it,pets,axioms_ontology_v2,2,1,3.675925,2.4166666666666665,4.916666666666667,4.0,4.416666666666667,5.0,2.8333333333333335,3.75,3.0,2.75
google/gemma-4-26b-a4b-it,pets,axioms_ontology_v2,2,5,3.824075,2.4166666666666665,4.833333333333333,4.666666666666667,4.333333333333333,5.0,3.3333333333333335,4.166666666666667,3.0,2.6666666666666665
google/gemma-4-26b-a4b-it,pets,axioms_ontology_v2,3,1,3.879633333333333,2.9166666666666665,4.083333333333333,4.333333333333333,4.5,5.0,4.166666666666667,3.75,3.0,3.1666666666666665
google/gemma-4-26b-a4b-it,pets,axioms_ontology_v2,3,5,3.972225,2.6666666666666665,4.916666666666667,4.333333333333333,4.25,5.0,4.0,4.5,3.0833333333333335,3.0
google/gemma-4-26b-a4b-it,pets,axioms_ontology_v2,4,1,4.009258333333333,3.0,4.583333333333333,5.0,4.333333333333333,4.833333333333333,3.9166666666666665,3.4166666666666665,3.5,3.5
google/gemma-4-26b-a4b-it,pets,axioms_ontology_v2,4,5,3.8148250000000004,2.4166666666666665,4.833333333333333,4.666666666666667,4.166666666666667,4.916666666666667,3.75,3.6666666666666665,2.9166666666666665,3.0
google/gemma-4-26b-a4b-it,pets,features,2,1,4.509283333333333,3.0833333333333335,5.0,5.0,4.916666666666667,5.0,3.6666666666666665,4.083333333333333,4.916666666666667,4.916666666666667
google/gemma-4-26b-a4b-it,pets,features,2,5,4.7037249999999995,3.9166666666666665,5.0,5.0,5.0,5.0,4.166666666666667,4.25,5.0,5.0
google/gemma-4-26b-a4b-it,pets,features,3,1,4.407425,3.4166666666666665,5.0,5.0,5.0,5.0,3.5833333333333335,2.9166666666666665,4.916666666666667,4.833333333333333
google/gemma-4-26b-a4b-it,pets,features,3,5,4.657425,3.8333333333333335,5.0,5.0,5.0,5.0,4.083333333333333,4.083333333333333,5.0,4.916666666666667
google/gemma-4-26b-a4b-it,pets,features,4,1,4.5185249999999995,3.4166666666666665,5.0,5.0,5.0,5.0,4.166666666666667,3.25,5.0,4.833333333333333
google/gemma-4-26b-a4b-it,pets,features,4,5,4.555558333333333,3.5,5.0,5.0,5.0,5.0,4.0,3.5,5.0,5.0
google/gemma-4-26b-a4b-it,pets,nle,2,1,4.287041666666666,2.6666666666666665,4.833333333333333,5.0,5.0,5.0,2.9166666666666665,3.1666666666666665,5.0,5.0
google/gemma-4-26b-a4b-it,pets,nle,2,5,4.518516666666667,3.5,5.0,5.0,5.0,5.0,3.5,3.6666666666666665,5.0,5.0
google/gemma-4-26b-a4b-it,pets,nle,3,1,4.111116666666667,2.9166666666666665,4.0,4.333333333333333,5.0,4.916666666666667,3.4166666666666665,3.0,4.833333333333333,4.583333333333333
google/gemma-4-26b-a4b-it,pets,nle,3,5,4.638908333333333,3.8333333333333335,4.916666666666667,5.0,5.0,5.0,3.9166666666666665,4.083333333333333,5.0,5.0
google/gemma-4-26b-a4b-it,pets,nle,4,1,4.4629666666666665,3.3333333333333335,5.0,5.0,5.0,4.916666666666667,3.75,3.25,5.0,4.916666666666667
google/gemma-4-26b-a4b-it,pets,nle,4,5,4.416675000000001,3.25,4.916666666666667,5.0,5.0,4.833333333333333,3.75,3.0833333333333335,5.0,4.916666666666667
google/gemma-4-26b-a4b-it,pets,rulebased,2,1,4.777791666666666,3.9166666666666665,5.0,4.666666666666667,5.0,5.0,4.5,5.0,4.916666666666667,5.0
google/gemma-4-26b-a4b-it,pets,rulebased,2,5,4.722233333333333,3.9166666666666665,4.75,4.75,5.0,5.0,4.416666666666667,4.916666666666667,4.833333333333333,4.916666666666667
google/gemma-4-26b-a4b-it,pets,rulebased,3,1,4.4815,3.5,4.916666666666667,5.0,4.916666666666667,4.916666666666667,4.25,4.0,4.25,4.583333333333333
google/gemma-4-26b-a4b-it,pets,rulebased,3,5,4.592608333333334,3.75,4.916666666666667,4.5,5.0,5.0,4.25,4.0,5.0,4.916666666666667
google/gemma-4-26b-a4b-it,pets,rulebased,4,1,4.648174999999999,3.6666666666666665,5.0,5.0,5.0,5.0,4.333333333333333,4.083333333333333,4.75,5.0
google/gemma-4-26b-a4b-it,pets,rulebased,4,5,4.685191666666666,3.9166666666666665,5.0,4.666666666666667,5.0,5.0,4.583333333333333,4.166666666666667,4.833333333333333,5.0
meta-llama/llama-4-scout,cifar10,axioms_ontology_v2,2,1,3.3888916666666664,1.9166666666666667,4.333333333333333,3.8333333333333335,4.083333333333333,5.0,2.1666666666666665,2.8333333333333335,3.0833333333333335,3.25
meta-llama/llama-4-scout,cifar10,axioms_ontology_v2,2,5,3.3796416666666667,2.1666666666666665,4.5,4.5,4.166666666666667,5.0,2.3333333333333335,2.5833333333333335,2.8333333333333335,2.3333333333333335
meta-llama/llama-4-scout,cifar10,axioms_ontology_v2,3,1,2.6111083333333336,1.5,3.3333333333333335,2.6666666666666665,2.9166666666666665,4.75,1.5833333333333333,1.75,2.25,2.75
meta-llama/llama-4-scout,cifar10,axioms_ontology_v2,3,5,3.4166666666666665,2.8333333333333335,4.333333333333333,4.333333333333333,4.0,5.0,2.6666666666666665,2.4166666666666665,2.75,2.4166666666666665
meta-llama/llama-4-scout,cifar10,axioms_ontology_v2,4,1,3.4537,2.3333333333333335,4.75,4.0,4.0,5.0,3.4166666666666665,2.5833333333333335,2.5833333333333335,2.4166666666666665
meta-llama/llama-4-scout,cifar10,axioms_ontology_v2,4,5,3.240733333333333,1.5,4.583333333333333,3.6666666666666665,4.0,5.0,1.9166666666666667,2.75,3.0833333333333335,2.6666666666666665
meta-llama/llama-4-scout,cifar10,features,2,1,4.259275,3.3333333333333335,4.583333333333333,4.333333333333333,5.0,4.916666666666667,3.4166666666666665,3.8333333333333335,4.333333333333333,4.583333333333333
meta-llama/llama-4-scout,cifar10,features,2,5,4.388891666666667,3.5,4.916666666666667,4.666666666666667,4.916666666666667,4.666666666666667,3.25,4.166666666666667,4.5,4.916666666666667
meta-llama/llama-4-scout,cifar10,features,3,1,4.064816666666666,2.9166666666666665,4.416666666666667,3.9166666666666665,4.916666666666667,5.0,3.5,3.25,4.083333333333333,4.583333333333333
meta-llama/llama-4-scout,cifar10,features,3,5,4.203716666666667,3.3333333333333335,4.416666666666667,4.583333333333333,5.0,4.916666666666667,3.25,3.25,4.583333333333333,4.5
meta-llama/llama-4-scout,cifar10,features,4,1,4.018516666666667,2.9166666666666665,4.333333333333333,4.5,5.0,4.916666666666667,3.0833333333333335,2.8333333333333335,4.0,4.583333333333333
meta-llama/llama-4-scout,cifar10,features,4,5,4.39815,3.5,4.75,5.0,5.0,5.0,3.5833333333333335,3.4166666666666665,4.666666666666667,4.666666666666667
meta-llama/llama-4-scout,cifar10,nle,2,1,4.212958333333334,3.25,4.416666666666667,4.666666666666667,5.0,4.75,3.25,3.1666666666666665,4.666666666666667,4.75
meta-llama/llama-4-scout,cifar10,nle,2,5,4.435191666666667,3.5833333333333335,5.0,4.666666666666667,5.0,4.833333333333333,3.0833333333333335,4.083333333333333,4.666666666666667,5.0
meta-llama/llama-4-scout,cifar10,nle,3,1,3.6388916666666664,2.8333333333333335,3.5,4.166666666666667,4.666666666666667,4.25,3.0,2.25,4.083333333333333,4.0
meta-llama/llama-4-scout,cifar10,nle,3,5,4.120375,3.5,4.083333333333333,4.0,5.0,4.916666666666667,3.0,3.25,4.5,4.833333333333333
meta-llama/llama-4-scout,cifar10,nle,4,1,4.194441666666667,3.25,4.583333333333333,4.5,5.0,4.416666666666667,3.1666666666666665,3.3333333333333335,4.666666666666667,4.833333333333333
meta-llama/llama-4-scout,cifar10,nle,4,5,4.027766666666667,3.0833333333333335,3.75,4.25,4.916666666666667,4.75,2.9166666666666665,3.3333333333333335,4.75,4.5
meta-llama/llama-4-scout,cifar10,rulebased,2,1,4.314816666666666,3.1666666666666665,4.75,4.333333333333333,4.833333333333333,5.0,3.75,3.75,4.583333333333333,4.666666666666667
meta-llama/llama-4-scout,cifar10,rulebased,2,5,4.379641666666667,3.0833333333333335,4.916666666666667,4.5,4.833333333333333,4.916666666666667,4.0,4.416666666666667,4.25,4.5
meta-llama/llama-4-scout,cifar10,rulebased,3,1,4.046283333333333,2.75,4.583333333333333,4.416666666666667,4.833333333333333,5.0,3.5833333333333335,2.8333333333333335,4.25,4.166666666666667
meta-llama/llama-4-scout,cifar10,rulebased,3,5,3.9814666666666665,2.5833333333333335,4.75,3.4166666666666665,5.0,4.916666666666667,3.3333333333333335,3.1666666666666665,4.0,4.666666666666667
meta-llama/llama-4-scout,cifar10,rulebased,4,1,3.972225,2.8333333333333335,4.666666666666667,3.8333333333333335,4.833333333333333,4.916666666666667,3.5,3.0,3.9166666666666665,4.25
meta-llama/llama-4-scout,cifar10,rulebased,4,5,3.8055416666666666,2.5,4.333333333333333,4.0,4.666666666666667,4.916666666666667,3.0833333333333335,2.75,3.5833333333333335,4.416666666666667
meta-llama/llama-4-scout,dtd,axioms_ontology_v2,2,1,4.027783333333333,3.3333333333333335,4.666666666666667,5.0,4.5,5.0,3.8333333333333335,3.8333333333333335,3.1666666666666665,2.9166666666666665
meta-llama/llama-4-scout,dtd,axioms_ontology_v2,2,5,3.3611166666666663,2.25,4.75,3.3333333333333335,4.25,4.666666666666667,2.9166666666666665,3.3333333333333335,2.5833333333333335,2.1666666666666665
meta-llama/llama-4-scout,dtd,axioms_ontology_v2,3,1,3.527775,2.6666666666666665,4.166666666666667,4.0,4.0,5.0,2.75,2.75,3.25,3.1666666666666665
meta-llama/llama-4-scout,dtd,axioms_ontology_v2,3,5,3.018508333333333,1.5,4.583333333333333,3.0,3.5833333333333335,5.0,2.1666666666666665,2.3333333333333335,2.5,2.5
meta-llama/llama-4-scout,dtd,axioms_ontology_v2,4,1,3.564808333333333,2.8333333333333335,4.5,4.333333333333333,4.5,5.0,3.4166666666666665,2.5833333333333335,2.9166666666666665,2.0
meta-llama/llama-4-scout,dtd,axioms_ontology_v2,4,5,3.0277833333333333,1.75,3.9166666666666665,3.3333333333333335,3.8333333333333335,4.75,2.3333333333333335,2.4166666666666665,2.5833333333333335,2.3333333333333335
meta-llama/llama-4-scout,dtd,features,2,1,4.324083333333333,3.5833333333333335,4.75,5.0,5.0,5.0,3.6666666666666665,2.75,4.583333333333333,4.583333333333333
meta-llama/llama-4-scout,dtd,features,2,5,4.240749999999999,3.5,4.5,4.333333333333333,5.0,5.0,3.4166666666666665,3.25,4.666666666666667,4.5
meta-llama/llama-4-scout,dtd,features,3,1,4.4629666666666665,3.8333333333333335,4.916666666666667,4.833333333333333,5.0,4.75,3.5833333333333335,3.5833333333333335,4.75,4.916666666666667
meta-llama/llama-4-scout,dtd,features,3,5,4.111108333333333,2.75,4.833333333333333,4.416666666666667,5.0,4.916666666666667,3.1666666666666665,2.5833333333333335,4.75,4.583333333333333
meta-llama/llama-4-scout,dtd,features,4,1,4.379625,3.5833333333333335,4.833333333333333,4.666666666666667,5.0,4.75,3.6666666666666665,3.25,4.833333333333333,4.833333333333333
meta-llama/llama-4-scout,dtd,features,4,5,4.28705,3.3333333333333335,5.0,4.833333333333333,4.916666666666667,4.75,3.5833333333333335,2.9166666666666665,4.583333333333333,4.666666666666667
meta-llama/llama-4-scout,dtd,nle,2,1,4.111125,3.5,3.8333333333333335,4.0,4.75,4.583333333333333,3.5,3.5833333333333335,4.666666666666667,4.583333333333333
meta-llama/llama-4-scout,dtd,nle,2,5,4.416683333333333,3.75,4.75,4.666666666666667,4.916666666666667,4.666666666666667,3.75,3.8333333333333335,4.666666666666667,4.75
meta-llama/llama-4-scout,dtd,nle,3,1,4.0555666666666665,3.6666666666666665,3.5833333333333335,4.666666666666667,4.833333333333333,4.25,3.5833333333333335,3.1666666666666665,4.166666666666667,4.583333333333333
meta-llama/llama-4-scout,dtd,nle,3,5,4.240758333333333,3.8333333333333335,4.333333333333333,4.25,4.833333333333333,4.583333333333333,3.8333333333333335,3.25,4.583333333333333,4.666666666666667
meta-llama/llama-4-scout,dtd,nle,4,1,4.305558333333333,3.9166666666666665,4.333333333333333,5.0,4.833333333333333,4.416666666666667,3.75,3.3333333333333335,4.666666666666667,4.5
meta-llama/llama-4-scout,dtd,nle,4,5,3.9537166666666668,3.5,4.0,4.0,4.833333333333333,4.583333333333333,3.5,2.6666666666666665,4.0,4.5
meta-llama/llama-4-scout,dtd,rulebased,2,1,4.324083333333333,3.0,4.833333333333333,4.666666666666667,5.0,5.0,3.8333333333333335,3.1666666666666665,4.5,4.916666666666667
meta-llama/llama-4-scout,dtd,rulebased,2,5,4.1296333333333335,3.1666666666666665,4.666666666666667,3.8333333333333335,5.0,5.0,3.6666666666666665,3.25,4.083333333333333,4.5
meta-llama/llama-4-scout,dtd,rulebased,3,1,4.074075,3.3333333333333335,4.75,3.6666666666666665,4.833333333333333,5.0,3.5,3.0,4.166666666666667,4.416666666666667
meta-llama/llama-4-scout,dtd,rulebased,3,5,3.8518666666666665,2.6666666666666665,4.666666666666667,3.1666666666666665,4.833333333333333,5.0,3.25,2.75,4.0,4.333333333333333
meta-llama/llama-4-scout,dtd,rulebased,4,1,4.148158333333334,3.0,4.333333333333333,4.166666666666667,4.916666666666667,5.0,3.75,3.0833333333333335,4.333333333333333,4.75
meta-llama/llama-4-scout,dtd,rulebased,4,5,3.727272727272727,2.8181818181818183,4.363636363636363,3.5454545454545454,4.818181818181818,5.0,3.1818181818181817,2.090909090909091,3.727272727272727,4.0
meta-llama/llama-4-scout,flowers,axioms_ontology_v2,2,1,3.4074000000000004,2.0833333333333335,4.5,3.25,4.416666666666667,5.0,3.25,3.25,2.8333333333333335,2.0833333333333335
meta-llama/llama-4-scout,flowers,axioms_ontology_v2,2,5,3.2222166666666667,1.25,3.9166666666666665,4.0,3.4166666666666665,4.916666666666667,1.5,1.9166666666666667,3.8333333333333335,4.25
meta-llama/llama-4-scout,flowers,axioms_ontology_v2,3,1,3.4629583333333334,2.0833333333333335,5.0,3.5,4.0,5.0,3.0,3.0,2.5833333333333335,3.0
meta-llama/llama-4-scout,flowers,axioms_ontology_v2,3,5,3.8333333333333335,2.5833333333333335,4.416666666666667,5.0,4.416666666666667,5.0,3.4166666666666665,3.6666666666666665,3.0833333333333335,2.9166666666666665
meta-llama/llama-4-scout,flowers,axioms_ontology_v2,4,1,3.4999916666666664,2.6666666666666665,4.75,4.166666666666667,4.166666666666667,5.0,3.5,2.75,2.5833333333333335,1.9166666666666667
meta-llama/llama-4-scout,flowers,axioms_ontology_v2,4,5,3.462975,1.6666666666666667,4.916666666666667,3.5,4.083333333333333,5.0,2.4166666666666665,3.0,3.0833333333333335,3.5
meta-llama/llama-4-scout,flowers,features,2,1,4.009266666666667,3.0833333333333335,4.583333333333333,2.25,5.0,5.0,3.25,2.9166666666666665,5.0,5.0
meta-llama/llama-4-scout,flowers,features,2,5,4.14815,3.0833333333333335,4.5,4.166666666666667,5.0,5.0,3.3333333333333335,2.4166666666666665,5.0,4.833333333333333
meta-llama/llama-4-scout,flowers,features,3,1,4.111116666666667,3.25,4.75,3.3333333333333335,5.0,4.916666666666667,3.3333333333333335,2.5,4.916666666666667,5.0
meta-llama/llama-4-scout,flowers,features,3,5,3.935191666666667,2.9166666666666665,4.5,3.3333333333333335,5.0,4.916666666666667,2.8333333333333335,1.9166666666666667,5.0,5.0
meta-llama/llama-4-scout,flowers,features,4,1,4.388891666666667,3.5833333333333335,4.833333333333333,4.416666666666667,5.0,5.0,3.3333333333333335,3.5,4.916666666666667,4.916666666666667
meta-llama/llama-4-scout,flowers,features,4,5,4.30555,3.0833333333333335,4.833333333333333,4.666666666666667,5.0,5.0,3.25,2.9166666666666665,5.0,5.0
meta-llama/llama-4-scout,flowers,nle,2,1,4.2037,3.4166666666666665,3.8333333333333335,4.0,5.0,4.833333333333333,3.4166666666666665,3.5,5.0,4.833333333333333
meta-llama/llama-4-scout,flowers,nle,2,5,4.435191666666666,3.6666666666666665,4.583333333333333,4.333333333333333,5.0,4.833333333333333,3.8333333333333335,3.75,5.0,4.916666666666667
meta-llama/llama-4-scout,flowers,nle,3,1,4.083316666666667,3.4166666666666665,4.416666666666667,4.666666666666667,4.916666666666667,4.666666666666667,3.1666666666666665,2.1666666666666665,4.666666666666667,4.666666666666667
meta-llama/llama-4-scout,flowers,nle,3,5,4.203691666666667,3.5,4.416666666666667,4.5,5.0,4.666666666666667,3.5,2.5833333333333335,4.833333333333333,4.833333333333333
meta-llama/llama-4-scout,flowers,nle,4,1,4.268533333333333,3.5,4.583333333333333,4.916666666666667,4.916666666666667,4.583333333333333,3.4166666666666665,3.0,4.75,4.75
meta-llama/llama-4-scout,flowers,nle,4,5,4.305541666666667,3.3333333333333335,4.666666666666667,4.5,5.0,5.0,3.5833333333333335,2.75,4.916666666666667,5.0
meta-llama/llama-4-scout,flowers,rulebased,2,1,3.583325,2.3333333333333335,4.166666666666667,2.6666666666666665,4.583333333333333,5.0,3.0833333333333335,3.1666666666666665,3.6666666666666665,3.5833333333333335
meta-llama/llama-4-scout,flowers,rulebased,2,5,3.9444416666666666,2.9166666666666665,4.166666666666667,3.5833333333333335,4.75,4.916666666666667,3.6666666666666665,3.0,4.25,4.25
meta-llama/llama-4-scout,flowers,rulebased,3,1,3.8981333333333335,3.0833333333333335,4.0,3.5,4.583333333333333,5.0,3.6666666666666665,3.0833333333333335,4.166666666666667,4.0
meta-llama/llama-4-scout,flowers,rulebased,3,5,4.018516666666667,3.1666666666666665,4.666666666666667,3.6666666666666665,4.833333333333333,4.916666666666667,3.1666666666666665,2.6666666666666665,4.333333333333333,4.75
meta-llama/llama-4-scout,flowers,rulebased,4,1,4.287041666666666,3.4166666666666665,4.666666666666667,3.5,4.833333333333333,5.0,3.5,4.25,4.666666666666667,4.75
meta-llama/llama-4-scout,flowers,rulebased,4,5,4.064816666666666,2.6666666666666665,4.75,3.9166666666666665,4.916666666666667,5.0,3.5,3.0833333333333335,4.166666666666667,4.583333333333333
meta-llama/llama-4-scout,pets,axioms_ontology_v2,2,1,3.2500166666666668,1.4166666666666667,4.416666666666667,4.666666666666667,3.9166666666666665,5.0,2.0,2.6666666666666665,2.9166666666666665,2.25
meta-llama/llama-4-scout,pets,axioms_ontology_v2,2,5,3.8148083333333336,2.6666666666666665,4.416666666666667,4.333333333333333,4.25,5.0,3.3333333333333335,3.75,3.4166666666666665,3.1666666666666665
meta-llama/llama-4-scout,pets,axioms_ontology_v2,3,1,3.425916666666667,2.0,4.333333333333333,4.333333333333333,4.083333333333333,5.0,2.4166666666666665,2.6666666666666665,3.1666666666666665,2.8333333333333335
meta-llama/llama-4-scout,pets,axioms_ontology_v2,3,5,3.2963083333333336,1.6666666666666667,4.0,4.0,3.9166666666666665,5.0,1.8333333333333333,2.5833333333333335,3.1666666666666665,3.5
meta-llama/llama-4-scout,pets,axioms_ontology_v2,4,1,3.0092499999999998,1.3333333333333333,4.75,4.0,3.5,4.75,1.8333333333333333,1.6666666666666667,2.8333333333333335,2.4166666666666665
meta-llama/llama-4-scout,pets,axioms_ontology_v2,4,5,2.861125,1.25,3.6666666666666665,3.8333333333333335,3.9166666666666665,4.666666666666667,1.6666666666666667,1.5,2.6666666666666665,2.5833333333333335
meta-llama/llama-4-scout,pets,features,2,1,4.5463,3.5833333333333335,4.833333333333333,5.0,5.0,5.0,3.9166666666666665,3.75,4.833333333333333,5.0
meta-llama/llama-4-scout,pets,features,2,5,4.657416666666666,4.083333333333333,4.75,5.0,5.0,5.0,3.8333333333333335,4.25,5.0,5.0
meta-llama/llama-4-scout,pets,features,3,1,4.2129666666666665,2.75,4.583333333333333,5.0,5.0,5.0,3.25,2.75,4.75,4.833333333333333
meta-llama/llama-4-scout,pets,features,3,5,4.537041666666666,3.0833333333333335,4.833333333333333,5.0,5.0,4.916666666666667,3.8333333333333335,4.166666666666667,5.0,5.0
meta-llama/llama-4-scout,pets,features,4,1,4.305558333333333,3.0833333333333335,5.0,5.0,5.0,5.0,3.75,2.5833333333333335,4.833333333333333,4.5
meta-llama/llama-4-scout,pets,features,4,5,4.4629666666666665,3.4166666666666665,5.0,5.0,5.0,5.0,3.5833333333333335,3.4166666666666665,4.833333333333333,4.916666666666667
meta-llama/llama-4-scout,pets,nle,2,1,4.314816666666666,3.3333333333333335,4.5,5.0,4.916666666666667,4.833333333333333,3.0,3.5833333333333335,4.833333333333333,4.833333333333333
meta-llama/llama-4-scout,pets,nle,2,5,4.60185,4.083333333333333,5.0,5.0,5.0,4.833333333333333,3.75,3.9166666666666665,4.833333333333333,5.0
meta-llama/llama-4-scout,pets,nle,3,1,4.222208333333334,3.4166666666666665,4.833333333333333,5.0,4.833333333333333,4.5,3.4166666666666665,2.5833333333333335,4.75,4.666666666666667
meta-llama/llama-4-scout,pets,nle,3,5,4.537041666666666,3.5,4.916666666666667,5.0,5.0,4.916666666666667,3.75,4.0,4.75,5.0
meta-llama/llama-4-scout,pets,nle,4,1,4.222208333333334,3.0833333333333335,5.0,4.666666666666667,5.0,4.75,3.5,2.0833333333333335,5.0,4.916666666666667
meta-llama/llama-4-scout,pets,nle,4,5,4.333333333333333,3.5833333333333335,4.75,5.0,5.0,4.75,3.5833333333333335,2.5,4.916666666666667,4.916666666666667
meta-llama/llama-4-scout,pets,rulebased,2,1,4.314816666666666,3.3333333333333335,4.75,4.5,4.833333333333333,5.0,4.166666666666667,3.25,4.416666666666667,4.583333333333333
meta-llama/llama-4-scout,pets,rulebased,2,5,4.222216666666667,2.8333333333333335,4.25,4.666666666666667,4.833333333333333,5.0,3.6666666666666665,4.0,4.083333333333333,4.666666666666667
meta-llama/llama-4-scout,pets,rulebased,3,1,4.222225,3.0,4.75,4.666666666666667,4.833333333333333,5.0,3.6666666666666665,3.1666666666666665,4.333333333333333,4.583333333333333
meta-llama/llama-4-scout,pets,rulebased,3,5,4.611125,3.75,5.0,5.0,4.75,4.916666666666667,3.9166666666666665,4.25,4.916666666666667,5.0
meta-llama/llama-4-scout,pets,rulebased,4,1,4.0463,3.0833333333333335,4.083333333333333,4.083333333333333,4.75,4.916666666666667,3.6666666666666665,2.5833333333333335,4.75,4.5
meta-llama/llama-4-scout,pets,rulebased,4,5,4.185183333333334,2.75,4.916666666666667,4.666666666666667,4.916666666666667,5.0,3.5,2.75,4.166666666666667,5.0
qwen/qwen3-vl-8b-instruct,cifar10,axioms_ontology_v2,2,1,3.0370500000000002,1.0,4.583333333333333,4.666666666666667,3.6666666666666665,5.0,1.0,1.5833333333333333,3.1666666666666665,2.6666666666666665
qwen/qwen3-vl-8b-instruct,cifar10,axioms_ontology_v2,2,5,3.080809090909091,1.0909090909090908,4.2727272727272725,3.5454545454545454,3.5454545454545454,5.0,1.0909090909090908,2.090909090909091,3.5454545454545454,3.5454545454545454
qwen/qwen3-vl-8b-instruct,cifar10,axioms_ontology_v2,3,1,2.4629666666666665,1.0,2.4166666666666665,3.3333333333333335,2.4166666666666665,5.0,1.0,1.0,2.25,3.75
qwen/qwen3-vl-8b-instruct,cifar10,axioms_ontology_v2,3,5,2.9351833333333333,1.25,4.916666666666667,3.6666666666666665,3.5833333333333335,5.0,1.3333333333333333,1.9166666666666667,2.5833333333333335,2.1666666666666665
qwen/qwen3-vl-8b-instruct,cifar10,axioms_ontology_v2,4,1,2.7870416666666666,1.0833333333333333,4.75,4.333333333333333,3.4166666666666665,5.0,1.0,1.0,2.5833333333333335,1.9166666666666667
qwen/qwen3-vl-8b-instruct,cifar10,axioms_ontology_v2,4,5,3.120366666666667,1.0833333333333333,4.25,4.333333333333333,3.6666666666666665,5.0,1.0,2.25,3.25,3.25
qwen/qwen3-vl-8b-instruct,cifar10,features,2,1,4.527783333333333,3.75,4.666666666666667,5.0,5.0,5.0,3.75,4.083333333333333,4.75,4.75
qwen/qwen3-vl-8b-instruct,cifar10,features,2,5,4.629641666666667,3.6666666666666665,4.75,5.0,5.0,5.0,3.5833333333333335,4.75,4.916666666666667,5.0
qwen/qwen3-vl-8b-instruct,cifar10,features,3,1,4.44445,3.4166666666666665,4.75,4.5,5.0,5.0,3.8333333333333335,3.5,5.0,5.0
qwen/qwen3-vl-8b-instruct,cifar10,features,3,5,4.537058333333333,3.4166666666666665,4.916666666666667,4.833333333333333,4.916666666666667,5.0,3.75,4.333333333333333,4.75,4.916666666666667
qwen/qwen3-vl-8b-instruct,cifar10,features,4,1,4.324066666666667,3.6666666666666665,4.666666666666667,4.5,4.916666666666667,5.0,3.75,3.0833333333333335,4.75,4.583333333333333
qwen/qwen3-vl-8b-instruct,cifar10,features,4,5,4.370375,3.3333333333333335,4.416666666666667,4.583333333333333,5.0,5.0,3.6666666666666665,3.75,4.75,4.833333333333333
qwen/qwen3-vl-8b-instruct,cifar10,nle,2,1,4.500008333333334,3.9166666666666665,4.25,5.0,5.0,4.666666666666667,3.8333333333333335,4.666666666666667,4.25,4.916666666666667
qwen/qwen3-vl-8b-instruct,cifar10,nle,2,5,4.398166666666667,3.75,4.333333333333333,4.5,5.0,4.916666666666667,3.5,4.166666666666667,4.5,4.916666666666667
qwen/qwen3-vl-8b-instruct,cifar10,nle,3,1,4.259241666666667,3.9166666666666665,3.8333333333333335,4.666666666666667,4.916666666666667,4.333333333333333,3.8333333333333335,3.5833333333333335,4.666666666666667,4.583333333333333
qwen/qwen3-vl-8b-instruct,cifar10,nle,3,5,4.564816666666666,3.9166666666666665,4.833333333333333,5.0,5.0,4.916666666666667,3.8333333333333335,3.8333333333333335,4.833333333333333,4.916666666666667
qwen/qwen3-vl-8b-instruct,cifar10,nle,4,1,4.231483333333333,3.6666666666666665,3.6666666666666665,4.5,5.0,4.75,3.5,3.6666666666666665,4.5,4.833333333333333
qwen/qwen3-vl-8b-instruct,cifar10,nle,4,5,4.287041666666666,3.4166666666666665,4.583333333333333,4.666666666666667,5.0,4.916666666666667,3.1666666666666665,3.4166666666666665,4.416666666666667,5.0
qwen/qwen3-vl-8b-instruct,cifar10,rulebased,2,1,4.546308333333333,3.6666666666666665,4.583333333333333,5.0,5.0,5.0,3.8333333333333335,4.333333333333333,4.583333333333333,4.916666666666667
qwen/qwen3-vl-8b-instruct,cifar10,rulebased,2,5,4.425941666666667,3.75,4.666666666666667,3.75,5.0,5.0,4.083333333333333,4.5,4.416666666666667,4.666666666666667
qwen/qwen3-vl-8b-instruct,cifar10,rulebased,3,1,4.481491666666667,3.5833333333333335,4.916666666666667,4.916666666666667,4.916666666666667,5.0,3.9166666666666665,3.8333333333333335,4.416666666666667,4.833333333333333
qwen/qwen3-vl-8b-instruct,cifar10,rulebased,3,5,4.6389000000000005,4.0,5.0,5.0,5.0,5.0,4.166666666666667,4.416666666666667,4.166666666666667,5.0
qwen/qwen3-vl-8b-instruct,cifar10,rulebased,4,1,4.35185,3.5833333333333335,4.583333333333333,4.666666666666667,5.0,5.0,4.0,3.4166666666666665,3.9166666666666665,5.0
qwen/qwen3-vl-8b-instruct,cifar10,rulebased,4,5,4.277783333333333,3.5,4.75,3.8333333333333335,5.0,5.0,3.75,3.8333333333333335,3.8333333333333335,5.0
qwen/qwen3-vl-8b-instruct,dtd,axioms_ontology_v2,2,1,3.0925833333333332,1.0,3.9166666666666665,4.666666666666667,3.4166666666666665,5.0,1.0,1.75,3.1666666666666665,3.9166666666666665
qwen/qwen3-vl-8b-instruct,dtd,axioms_ontology_v2,2,5,3.3148166666666667,1.0,4.833333333333333,5.0,3.5,5.0,1.0833333333333333,2.5833333333333335,3.1666666666666665,3.6666666666666665
qwen/qwen3-vl-8b-instruct,dtd,axioms_ontology_v2,3,1,2.7592499999999998,1.25,4.25,4.0,3.5833333333333335,5.0,1.1666666666666667,1.3333333333333333,2.3333333333333335,1.9166666666666667
qwen/qwen3-vl-8b-instruct,dtd,axioms_ontology_v2,3,5,2.6203583333333333,1.0,4.416666666666667,3.0,3.1666666666666665,5.0,1.0,1.4166666666666667,2.75,1.8333333333333333
qwen/qwen3-vl-8b-instruct,dtd,axioms_ontology_v2,4,1,2.8240833333333337,1.25,4.333333333333333,2.6666666666666665,3.5833333333333335,5.0,1.3333333333333333,1.6666666666666667,2.75,2.8333333333333335
qwen/qwen3-vl-8b-instruct,dtd,axioms_ontology_v2,4,5,2.9536916666666664,1.25,4.083333333333333,3.3333333333333335,3.4166666666666665,5.0,1.6666666666666667,1.9166666666666667,2.8333333333333335,3.0833333333333335
qwen/qwen3-vl-8b-instruct,dtd,features,2,1,4.583341666666667,4.166666666666667,4.833333333333333,5.0,5.0,4.916666666666667,4.166666666666667,3.25,5.0,4.916666666666667
qwen/qwen3-vl-8b-instruct,dtd,features,2,5,4.472216666666667,3.9166666666666665,4.916666666666667,4.833333333333333,5.0,4.916666666666667,3.8333333333333335,3.1666666666666665,4.916666666666667,4.75
qwen/qwen3-vl-8b-instruct,dtd,features,3,1,4.583333333333333,4.083333333333333,4.75,4.333333333333333,5.0,5.0,4.333333333333333,3.8333333333333335,5.0,4.916666666666667
qwen/qwen3-vl-8b-instruct,dtd,features,3,5,4.333325,3.3333333333333335,4.916666666666667,4.916666666666667,5.0,5.0,3.5833333333333335,2.3333333333333335,5.0,4.916666666666667
qwen/qwen3-vl-8b-instruct,dtd,features,4,1,4.509241666666667,4.0,4.75,4.833333333333333,5.0,5.0,3.8333333333333335,3.25,4.916666666666667,5.0
qwen/qwen3-vl-8b-instruct,dtd,features,4,5,4.44445,3.8333333333333335,5.0,5.0,4.916666666666667,4.916666666666667,3.5,3.0833333333333335,4.916666666666667,4.833333333333333
qwen/qwen3-vl-8b-instruct,dtd,nle,2,1,4.490741666666667,4.166666666666667,3.9166666666666665,5.0,5.0,4.75,4.333333333333333,3.9166666666666665,4.416666666666667,4.916666666666667
qwen/qwen3-vl-8b-instruct,dtd,nle,2,5,4.388891666666667,3.6666666666666665,4.5,4.416666666666667,5.0,5.0,3.5833333333333335,4.0,4.583333333333333,4.75
qwen/qwen3-vl-8b-instruct,dtd,nle,3,1,3.94445,3.6666666666666665,3.0,4.166666666666667,4.75,4.166666666666667,3.8333333333333335,3.8333333333333335,3.75,4.333333333333333
qwen/qwen3-vl-8b-instruct,dtd,nle,3,5,4.35185,3.9166666666666665,4.583333333333333,4.416666666666667,5.0,4.833333333333333,3.6666666666666665,3.25,4.583333333333333,4.916666666666667
qwen/qwen3-vl-8b-instruct,dtd,nle,4,1,4.5926,4.083333333333333,4.5,5.0,4.833333333333333,4.833333333333333,4.0,4.5,4.833333333333333,4.75
qwen/qwen3-vl-8b-instruct,dtd,nle,4,5,4.268508333333333,3.5833333333333335,4.333333333333333,5.0,4.75,4.75,3.8333333333333335,3.25,4.5,4.416666666666667
qwen/qwen3-vl-8b-instruct,dtd,rulebased,2,1,4.481483333333333,3.9166666666666665,4.583333333333333,3.6666666666666665,5.0,5.0,4.416666666666667,4.166666666666667,4.666666666666667,4.916666666666667
qwen/qwen3-vl-8b-instruct,dtd,rulebased,2,5,4.5185249999999995,4.0,4.833333333333333,4.166666666666667,5.0,5.0,4.25,4.0,4.416666666666667,5.0
qwen/qwen3-vl-8b-instruct,dtd,rulebased,3,1,4.592591666666666,4.0,5.0,3.6666666666666665,5.0,5.0,4.416666666666667,4.75,4.5,5.0
qwen/qwen3-vl-8b-instruct,dtd,rulebased,3,5,4.4722333333333335,4.25,4.666666666666667,4.0,5.0,5.0,4.416666666666667,3.9166666666666665,4.083333333333333,4.916666666666667
qwen/qwen3-vl-8b-instruct,dtd,rulebased,4,1,4.583341666666667,4.083333333333333,4.75,5.0,5.0,5.0,4.416666666666667,4.25,3.8333333333333335,4.916666666666667
qwen/qwen3-vl-8b-instruct,dtd,rulebased,4,5,4.092608333333334,3.5,4.75,3.1666666666666665,5.0,5.0,3.75,3.0833333333333335,3.75,4.833333333333333
qwen/qwen3-vl-8b-instruct,flowers,axioms_ontology_v2,2,1,3.046291666666667,1.0,4.0,4.0,3.0,5.0,1.0,1.6666666666666667,3.25,4.5
qwen/qwen3-vl-8b-instruct,flowers,axioms_ontology_v2,2,5,3.0277499999999997,1.0,3.0,3.6666666666666665,3.3333333333333335,5.0,1.0,1.6666666666666667,3.8333333333333335,4.75
qwen/qwen3-vl-8b-instruct,flowers,axioms_ontology_v2,3,1,2.8240916666666664,1.0,4.166666666666667,3.6666666666666665,2.9166666666666665,5.0,1.0,1.8333333333333333,2.75,3.0833333333333335
qwen/qwen3-vl-8b-instruct,flowers,axioms_ontology_v2,3,5,3.351858333333333,1.0,4.583333333333333,5.0,3.6666666666666665,5.0,1.0,2.25,3.8333333333333335,3.8333333333333335
qwen/qwen3-vl-8b-instruct,flowers,axioms_ontology_v2,4,1,2.6481583333333334,1.0,3.6666666666666665,3.6666666666666665,2.8333333333333335,5.0,1.0,1.5,2.5833333333333335,2.5833333333333335
qwen/qwen3-vl-8b-instruct,flowers,axioms_ontology_v2,4,5,2.796291666666667,1.0,3.8333333333333335,3.6666666666666665,3.25,5.0,1.0,1.3333333333333333,2.8333333333333335,3.25
qwen/qwen3-vl-8b-instruct,flowers,features,2,1,4.555558333333333,3.9166666666666665,4.833333333333333,4.0,5.0,5.0,4.166666666666667,4.083333333333333,5.0,5.0
qwen/qwen3-vl-8b-instruct,flowers,features,2,5,4.407416666666667,3.3333333333333335,4.666666666666667,4.25,5.0,5.0,3.8333333333333335,3.5833333333333335,5.0,5.0
qwen/qwen3-vl-8b-instruct,flowers,features,3,1,4.259241666666667,3.4166666666666665,5.0,4.333333333333333,5.0,5.0,3.3333333333333335,2.25,5.0,5.0
qwen/qwen3-vl-8b-instruct,flowers,features,3,5,4.481466666666667,3.6666666666666665,4.916666666666667,5.0,5.0,5.0,3.9166666666666665,2.8333333333333335,5.0,5.0
qwen/qwen3-vl-8b-instruct,flowers,features,4,1,4.490766666666667,3.5,4.75,5.0,5.0,5.0,3.6666666666666665,3.6666666666666665,5.0,4.833333333333333
qwen/qwen3-vl-8b-instruct,flowers,features,4,5,4.5648333333333335,3.6666666666666665,5.0,4.666666666666667,5.0,5.0,4.0,3.8333333333333335,5.0,4.916666666666667
qwen/qwen3-vl-8b-instruct,flowers,nle,2,1,4.722241666666666,3.9166666666666665,4.666666666666667,4.833333333333333,5.0,4.916666666666667,4.583333333333333,4.666666666666667,4.916666666666667,5.0
qwen/qwen3-vl-8b-instruct,flowers,nle,2,5,4.740758333333333,3.75,5.0,5.0,5.0,5.0,4.416666666666667,4.5,5.0,5.0
qwen/qwen3-vl-8b-instruct,flowers,nle,3,1,4.064816666666666,3.5,3.9166666666666665,3.6666666666666665,4.916666666666667,5.0,3.5833333333333335,2.8333333333333335,4.333333333333333,4.833333333333333
qwen/qwen3-vl-8b-instruct,flowers,nle,3,5,4.444441666666667,3.8333333333333335,4.083333333333333,5.0,5.0,5.0,3.8333333333333335,3.3333333333333335,4.916666666666667,5.0
qwen/qwen3-vl-8b-instruct,flowers,nle,4,1,4.518533333333333,3.75,4.583333333333333,5.0,5.0,5.0,3.9166666666666665,3.5833333333333335,4.833333333333333,5.0
qwen/qwen3-vl-8b-instruct,flowers,nle,4,5,4.638891666666667,3.8333333333333335,4.916666666666667,5.0,5.0,4.75,4.416666666666667,3.8333333333333335,5.0,5.0
qwen/qwen3-vl-8b-instruct,flowers,rulebased,2,1,4.6389000000000005,3.9166666666666665,4.666666666666667,3.9166666666666665,5.0,5.0,4.5,4.75,5.0,5.0
qwen/qwen3-vl-8b-instruct,flowers,rulebased,2,5,4.527791666666666,3.4166666666666665,5.0,4.666666666666667,5.0,5.0,4.0,4.166666666666667,4.5,5.0
qwen/qwen3-vl-8b-instruct,flowers,rulebased,3,1,4.083333333333333,3.0,4.916666666666667,3.9166666666666665,4.916666666666667,5.0,3.4166666666666665,2.5,4.333333333333333,4.75
qwen/qwen3-vl-8b-instruct,flowers,rulebased,3,5,4.620383333333334,3.75,4.916666666666667,4.25,5.0,5.0,4.5,4.416666666666667,4.75,5.0
qwen/qwen3-vl-8b-instruct,flowers,rulebased,4,1,4.6203666666666665,3.75,5.0,4.583333333333333,5.0,5.0,4.25,4.666666666666667,4.333333333333333,5.0
qwen/qwen3-vl-8b-instruct,flowers,rulebased,4,5,4.39815,3.8333333333333335,4.75,4.666666666666667,5.0,4.916666666666667,4.333333333333333,3.75,3.5833333333333335,4.75
qwen/qwen3-vl-8b-instruct,pets,axioms_ontology_v2,2,1,2.7314666666666665,1.0,4.083333333333333,3.3333333333333335,3.6666666666666665,5.0,1.0,1.4166666666666667,2.8333333333333335,2.25
qwen/qwen3-vl-8b-instruct,pets,axioms_ontology_v2,2,5,3.0185166666666667,1.0,4.333333333333333,4.0,3.4166666666666665,5.0,1.0,2.0,3.0833333333333335,3.3333333333333335
qwen/qwen3-vl-8b-instruct,pets,axioms_ontology_v2,3,1,3.0,1.0,4.333333333333333,4.333333333333333,3.5833333333333335,5.0,1.1666666666666667,1.4166666666666667,3.1666666666666665,3.0
qwen/qwen3-vl-8b-instruct,pets,axioms_ontology_v2,3,5,3.1203749999999997,1.0,4.25,4.666666666666667,3.5,5.0,1.0,1.8333333333333333,3.25,3.5833333333333335
qwen/qwen3-vl-8b-instruct,pets,axioms_ontology_v2,4,1,2.7870333333333335,1.0,4.0,3.6666666666666665,3.4166666666666665,5.0,1.0,1.25,2.9166666666666665,2.8333333333333335
qwen/qwen3-vl-8b-instruct,pets,axioms_ontology_v2,4,5,3.2222333333333335,1.25,4.5,5.0,3.75,5.0,1.4166666666666667,2.0,3.25,2.8333333333333335
qwen/qwen3-vl-8b-instruct,pets,features,2,1,4.453708333333333,3.5833333333333335,4.833333333333333,5.0,5.0,5.0,4.0,3.0,4.75,4.916666666666667
qwen/qwen3-vl-8b-instruct,pets,features,2,5,4.537041666666666,3.5,5.0,4.666666666666667,5.0,5.0,3.8333333333333335,3.8333333333333335,5.0,5.0
qwen/qwen3-vl-8b-instruct,pets,features,3,1,4.222225,2.6666666666666665,4.833333333333333,5.0,5.0,5.0,3.6666666666666665,2.3333333333333335,4.916666666666667,4.583333333333333
qwen/qwen3-vl-8b-instruct,pets,features,3,5,4.564825,3.3333333333333335,5.0,5.0,5.0,5.0,3.6666666666666665,4.166666666666667,4.916666666666667,5.0
qwen/qwen3-vl-8b-instruct,pets,features,4,1,4.296291666666667,3.0833333333333335,4.916666666666667,5.0,5.0,5.0,3.6666666666666665,2.75,4.583333333333333,4.666666666666667
qwen/qwen3-vl-8b-instruct,pets,features,4,5,4.370383333333334,2.9166666666666665,4.75,5.0,5.0,5.0,3.5833333333333335,3.4166666666666665,4.75,4.916666666666667
qwen/qwen3-vl-8b-instruct,pets,nle,2,1,4.574075,3.8333333333333335,4.666666666666667,5.0,5.0,5.0,3.8333333333333335,4.083333333333333,4.75,5.0
qwen/qwen3-vl-8b-instruct,pets,nle,2,5,4.564808333333333,3.8333333333333335,4.5,5.0,5.0,5.0,3.8333333333333335,4.166666666666667,4.75,5.0
qwen/qwen3-vl-8b-instruct,pets,nle,3,1,4.083324999999999,3.4166666666666665,3.75,4.666666666666667,4.916666666666667,4.75,3.5,2.5833333333333335,4.5,4.666666666666667
qwen/qwen3-vl-8b-instruct,pets,nle,3,5,4.694458333333333,4.083333333333333,4.916666666666667,5.0,5.0,5.0,4.083333333333333,4.25,4.916666666666667,5.0
qwen/qwen3-vl-8b-instruct,pets,nle,4,1,4.435183333333334,3.5833333333333335,4.666666666666667,5.0,4.916666666666667,4.833333333333333,4.083333333333333,3.1666666666666665,4.833333333333333,4.833333333333333
qwen/qwen3-vl-8b-instruct,pets,nle,4,5,4.30555,3.25,4.416666666666667,5.0,5.0,5.0,3.5,2.9166666666666665,4.75,4.916666666666667
qwen/qwen3-vl-8b-instruct,pets,rulebased,2,1,4.629658333333333,3.6666666666666665,5.0,5.0,5.0,5.0,4.166666666666667,4.666666666666667,4.166666666666667,5.0
qwen/qwen3-vl-8b-instruct,pets,rulebased,2,5,4.638916666666667,3.75,4.833333333333333,4.583333333333333,5.0,5.0,4.083333333333333,4.75,4.75,5.0
qwen/qwen3-vl-8b-instruct,pets,rulebased,3,1,4.212958333333334,3.5833333333333335,4.666666666666667,4.166666666666667,5.0,5.0,3.6666666666666665,2.8333333333333335,4.083333333333333,4.916666666666667
qwen/qwen3-vl-8b-instruct,pets,rulebased,3,5,4.527775,3.3333333333333335,4.916666666666667,5.0,5.0,5.0,4.0,4.333333333333333,4.166666666666667,5.0
qwen/qwen3-vl-8b-instruct,pets,rulebased,4,1,4.2037,3.1666666666666665,4.75,4.5,4.916666666666667,5.0,4.0,2.9166666666666665,3.9166666666666665,4.666666666666667
qwen/qwen3-vl-8b-instruct,pets,rulebased,4,5,4.222208333333334,2.8333333333333335,4.916666666666667,5.0,5.0,5.0,3.6666666666666665,2.9166666666666665,3.6666666666666665,5.0
